BrandKey,Description
Brand Communication Idea,This is how the brand communicates its core message to consumers through various channels and touchpoints
Tone of Voice,The brand speaks with confidence and authenticity, using warm and approachable language that resonates with modern consumers
Brand Benefits,Delivers superior performance and reliability while being gentle on skin and environmentally conscious
Target Consumer,Modern women aged 25-45 who care about personal care, sustainability, and self-expression
Brand History,Founded with a mission to provide gentle yet effective personal care solutions for all skin types
Distinctive Brand Assets,Purple and gold color palette, signature scent, and innovative product designs that stand out on shelves
Typography Guidelines,Clean and modern sans-serif fonts for headlines, elegant serif fonts for body text
Talent Guidelines,Diverse representation of real women from different backgrounds, showcasing authenticity and inclusivity
Imagery Guidelines,Bright, vibrant photos showing real people in real-life situations, emphasizing natural beauty and confidence
Beliefs and Values,Committed to sustainability, inclusivity, and empowering women to feel confident in their own skin
Emotional Benefit,Makes women feel confident, beautiful, and ready to take on the world
Functional Benefit,Provides gentle yet effective cleansing and moisturizing for all skin types
Purpose in Culture,To break beauty stereotypes and celebrate diversity in all its forms
Persona,The supportive friend who encourages you to be your authentic self while looking and feeling your best
Tension,The challenge of balancing gentleness with effectiveness in personal care products
Sensory Cues,Fresh, clean scent with subtle floral notes that evoke feelings of freshness and purity
